{
  "coord": {
    "lon": 27.57,
    "lat": 53.9
  },
  "weather": [
    {
      "id": 803,
      "main": "Clouds",
      "description": "broken clouds",
      "icon": "04n"
    }
  ],
  "base": "stations",
  "main": {
    "temp": 276.15,
    "pressure": 999,
    "humidity": 93,
    "temp_min": 276.15,
    "temp_max": 276.15
  },
  "visibility": 10000,
  "wind": {
    "speed": 6,
    "deg": 230,
    "gust": 9
  },
  "clouds": {
    "all": 75
  },
  "dt": 1480186800,
  "sys": {
    "type": 1,
    "id": 7378,
    "message": 0.0057,
    "country": "BY",
    "sunrise": 1480139914,
    "sunset": 1480168547
  },
  "id": 625144,
  "name": "Minsk",
  "cod": 200
}